"cut,""swing"",""led"",""easy"",""watch"",""agree"",""entirely"",""machinery"",""cause"",""run"""
"shoot,""horn"",""attack"",""any"",""case"",""offer"",""plan"",""dangerous"",""should"",""pleasure"""
"burst,""every"",""nor"",""rain"",""captain"",""almost"",""occur"",""sentence"",""row"",""wall"""
"war,""describe"",""roar"",""park"",""seeing"",""check"",""sets"",""guide"",""construction"",""particles"""
"valuable,""porch"",""neck"",""composed"",""recently"",""fix"",""flies"",""habit"",""town"",""station"""
"rocket,""wish"",""balance"",""soft"",""welcome"",""addition"",""dull"",""distant"",""pet"",""neighborhood"""
"way,""fear"",""draw"",""enough"",""he"",""medicine"",""musical"",""copy"",""carried"",""pink"""
"eager,""recent"",""using"",""master"",""importance"",""parent"",""whose"",""officer"",""tin"",""damage"""
"town,""fifth"",""nine"",""sand"",""money"",""port"",""strange"",""careful"",""threw"",""hunter"""
"soap,""street"",""ate"",""aware"",""gentle"",""principal"",""parent"",""age"",""stone"",""idea"""
"herself,""nearest"",""will"",""jet"",""arrangement"",""beside"",""after"",""mine"",""therefore"",""at"""
"individual,""test"",""describe"",""should"",""chain"",""soldier"",""language"",""serve"",""kill"",""upward"""
"wrong,""outer"",""correctly"",""longer"",""enter"",""spin"",""certainly"",""art"",""tide"",""author"""
"strange,""daily"",""threw"",""power"",""we"",""population"",""score"",""terrible"",""mad"",""matter"""
"provide,""walk"",""man"",""act"",""sand"",""system"",""ride"",""fire"",""rough"",""height"""
"clock,""task"",""stage"",""made"",""official"",""visitor"",""not"",""government"",""throw"",""walk"""
"control,""taught"",""felt"",""blank"",""field"",""remove"",""stared"",""root"",""become"",""quick"""
"scientific,""fun"",""six"",""noise"",""announced"",""fox"",""laugh"",""promised"",""series"",""card"""
"shoot,""find"",""bad"",""factor"",""broke"",""species"",""merely"",""magnet"",""large"",""cent"""
"army,""swing"",""lion"",""sleep"",""struggle"",""broke"",""driving"",""evening"",""palace"",""birthday"""
"must,""famous"",""wave"",""crop"",""tiny"",""pony"",""account"",""finger"",""boat"",""during"""
"she,""ready"",""result"",""excellent"",""beside"",""present"",""took"",""direct"",""pipe"",""scared"""
"accident,""tank"",""information"",""nine"",""magic"",""hold"",""swept"",""man"",""way"",""teacher"""
"basket,""discuss"",""from"",""pencil"",""difference"",""most"",""ship"",""pet"",""correctly"",""accurate"""
"process,""mean"",""tie"",""newspaper"",""scientist"",""tail"",""shoot"",""halfway"",""sides"",""drew"""
"chart,""middle"",""frighten"",""butter"",""operation"",""knew"",""lying"",""climb"",""swung"",""window"""
"dirty,""family"",""orbit"",""child"",""twenty"",""larger"",""inch"",""fed"",""beat"",""massage"""
"handsome,""cent"",""clear"",""printed"",""land"",""rice"",""bright"",""up"",""root"",""second"""
"pass,""zero"",""beside"",""sum"",""solve"",""slip"",""mine"",""cool"",""advice"",""cabin"""
"goose,""thee"",""when"",""forty"",""gun"",""central"",""fighting"",""mad"",""house"",""dangerous"""
"spend,""contain"",""tell"",""double"",""practice"",""joy"",""basis"",""living"",""my"",""lips"""
"labor,""silver"",""sheep"",""evidence"",""gasoline"",""mighty"",""interior"",""shake"",""four"",""further"""
"won,""shelter"",""blow"",""note"",""process"",""ill"",""physical"",""fifty"",""skill"",""upon"""
"talk,""up"",""grandmother"",""come"",""announced"",""final"",""account"",""church"",""my"",""secret"""
"later,""shine"",""point"",""air"",""purpose"",""greatly"",""wet"",""write"",""older"",""felt"""
"track,""living"",""chose"",""clay"",""relationship"",""material"",""animal"",""various"",""read"",""nest"""
"built,""labor"",""reader"",""energy"",""sort"",""cotton"",""neighbor"",""whom"",""wild"",""heat"""
"population,""root"",""child"",""lovely"",""see"",""wait"",""swim"",""ocean"",""hunter"",""nation"""
"stock,""electricity"",""finish"",""branch"",""tower"",""spin"",""her"",""mission"",""saw"",""compound"""
"captain,""environment"",""essential"",""worried"",""position"",""drew"",""period"",""previous"",""frighten"",""service"""
"sport,""chart"",""suppose"",""previous"",""studying"",""long"",""having"",""difficult"",""cool"",""dirt"""
"wife,""greatest"",""scared"",""toy"",""attack"",""fat"",""corn"",""around"",""apple"",""football"""
"or,""told"",""nobody"",""shine"",""grabbed"",""applied"",""enjoy"",""fifth"",""stairs"",""upper"""
"stared,""strong"",""duck"",""flag"",""chain"",""road"",""position"",""equator"",""protection"",""bright"""
"dead,""mice"",""thrown"",""replied"",""older"",""secret"",""too"",""until"",""it"",""gold"""
"jungle,""label"",""sweet"",""these"",""noon"",""belt"",""together"",""path"",""next"",""method"""
"path,""memory"",""twelve"",""rest"",""compare"",""way"",""written"",""stranger"",""before"",""piece"""
"ride,""rope"",""result"",""yesterday"",""location"",""wife"",""goose"",""pain"",""method"",""mathematics"""
"within,""musical"",""below"",""window"",""statement"",""mathematics"",""few"",""direction"",""mix"",""that"""
"policeman,""electricity"",""successful"",""cost"",""fur"",""lot"",""curious"",""soap"",""refer"",""bow"""
"cloud,""living"",""stranger"",""number"",""cook"",""near"",""mind"",""just"",""neck"",""each"""
"thumb,""rocket"",""higher"",""breeze"",""shown"",""then"",""new"",""folks"",""ask"",""hundred"""
"breakfast,""whose"",""root"",""actually"",""fish"",""planned"",""possible"",""poet"",""fat"",""cold"""
"verb,""she"",""land"",""came"",""native"",""temperature"",""whom"",""age"",""sound"",""fallen"""
"close,""stood"",""graph"",""universe"",""whatever"",""influence"",""silent"",""sent"",""form"",""boy"""
"distant,""familiar"",""travel"",""cut"",""owner"",""actual"",""cowboy"",""sale"",""liquid"",""degree"""
"men,""toward"",""mysterious"",""goose"",""fly"",""picture"",""conversation"",""step"",""same"",""valuable"""
"replace,""smell"",""fact"",""top"",""spread"",""truth"",""car"",""choice"",""free"",""dried"""
"chemical,""canal"",""feed"",""secret"",""piece"",""beneath"",""fallen"",""plenty"",""advice"",""older"""
"pink,""map"",""universe"",""tone"",""settlers"",""coming"",""current"",""additional"",""look"",""sink"""
"baby,""fourth"",""accurate"",""numeral"",""vessels"",""difference"",""mouth"",""dried"",""thick"",""supper"""
"realize,""suddenly"",""island"",""general"",""long"",""maybe"",""middle"",""handsome"",""occur"",""crop"""
"mighty,""anywhere"",""library"",""behind"",""speech"",""brown"",""dress"",""card"",""mirror"",""review"""
"along,""except"",""round"",""made"",""choice"",""original"",""taught"",""interest"",""hurt"",""wind"""
"influence,""safety"",""shelf"",""slip"",""surrounded"",""terrible"",""stomach"",""bicycle"",""youth"",""land"""
"silver,""hard"",""worry"",""turn"",""mirror"",""gift"",""can"",""order"",""mixture"",""battle"""
"ocean,""think"",""slowly"",""owner"",""saw"",""idea"",""serious"",""article"",""occasionally"",""wide"""
"street,""progress"",""loss"",""stretch"",""near"",""evidence"",""plant"",""white"",""observe"",""remember"""
"learn,""fierce"",""tomorrow"",""certainly"",""stuck"",""see"",""have"",""twice"",""appearance"",""experiment"""
"worker,""somewhere"",""speed"",""thou"",""hurt"",""direct"",""cell"",""cream"",""search"",""smallest"""
"shoe,""swept"",""welcome"",""us"",""complex"",""further"",""against"",""must"",""exist"",""baby"""
"top,""father"",""area"",""cannot"",""radio"",""dream"",""strong"",""weather"",""coffee"",""spirit"""
"ask,""entirely"",""western"",""atom"",""perhaps"",""anyway"",""although"",""key"",""store"",""bark"""
"bicycle,""phrase"",""choice"",""lift"",""across"",""whale"",""property"",""strange"",""guard"",""action"""
"pocket,""brave"",""recent"",""cat"",""join"",""whole"",""knew"",""town"",""free"",""bet"""
"visit,""fallen"",""final"",""popular"",""correct"",""dear"",""had"",""bee"",""mouse"",""because"""
"neck,""door"",""appearance"",""boat"",""lead"",""as"",""number"",""type"",""friendly"",""angle"""
"step,""greatly"",""difficult"",""fix"",""shelf"",""belt"",""even"",""copy"",""soap"",""fresh"""
"sand,""mind"",""onlinetools"",""stared"",""change"",""happened"",""job"",""look"",""monkey"",""ground"""
"about,""move"",""information"",""simply"",""factory"",""push"",""some"",""teeth"",""previous"",""spend"""
"throughout,""color"",""door"",""dirt"",""shaking"",""balance"",""plant"",""fell"",""yet"",""eight"""
"meet,""luck"",""hungry"",""explanation"",""hungry"",""bat"",""crop"",""hurried"",""health"",""ring"""
"industry,""roll"",""research"",""driver"",""success"",""even"",""period"",""obtain"",""leg"",""route"""
"division,""fewer"",""sets"",""butter"",""dangerous"",""bit"",""private"",""remarkable"",""crowd"",""sound"""
"ourselves,""control"",""surrounded"",""above"",""lost"",""so"",""poem"",""birth"",""refused"",""distance"""
"softly,""contain"",""settlers"",""fence"",""easily"",""sink"",""coat"",""cross"",""track"",""signal"""
"higher,""mix"",""cover"",""rush"",""fierce"",""sent"",""stove"",""glad"",""horse"",""wave"""
"read,""fourth"",""test"",""balance"",""wall"",""bow"",""roar"",""prize"",""development"",""bill"""
"after,""plenty"",""against"",""cry"",""enter"",""fine"",""pretty"",""somebody"",""electric"",""human"""
"remove,""rush"",""how"",""receive"",""shaking"",""season"",""direct"",""raise"",""scene"",""steep"""
"various,""gently"",""bag"",""spin"",""nature"",""cross"",""teach"",""met"",""asleep"",""into"""
"cave,""west"",""toward"",""discover"",""was"",""shoot"",""blind"",""late"",""direct"",""syllable"""
"cool,""creature"",""cutting"",""fought"",""lucky"",""simplest"",""happily"",""smoke"",""string"",""thousand"""
"fifty,""deer"",""basis"",""thirty"",""suit"",""yes"",""quarter"",""war"",""youth"",""doll"""
"fruit,""composed"",""progress"",""wet"",""aside"",""wind"",""corn"",""explain"",""actually"",""independent"""
"know,""principal"",""car"",""journey"",""behavior"",""steam"",""put"",""will"",""type"",""death"""
"drew,""voice"",""motor"",""from"",""pass"",""careful"",""five"",""provide"",""east"",""tail"""
"radio,""direct"",""pink"",""route"",""short"",""truck"",""only"",""clean"",""week"",""burn"""
"say,""compound"",""mice"",""noun"",""sense"",""problem"",""ever"",""begun"",""while"",""stream"""
"try,""pair"",""mill"",""wooden"",""process"",""answer"",""donkey"",""total"",""include"",""fair"""
"doubt,""inch"",""day"",""contrast"",""dream"",""some"",""rest"",""pound"",""blew"",""earn"""
"below,""respect"",""treated"",""friend"",""detail"",""what"",""factor"",""growth"",""fun"",""bare"""
"success,""bent"",""environment"",""everybody"",""rhyme"",""machine"",""treated"",""of"",""review"",""slope"""
"cutting,""active"",""recently"",""method"",""species"",""highest"",""western"",""colony"",""back"",""from"""
"tax,""forgot"",""women"",""writer"",""yes"",""special"",""planned"",""planning"",""found"",""plural"""
"usually,""remember"",""noon"",""using"",""furniture"",""week"",""speak"",""twice"",""matter"",""father"""
"sat,""winter"",""outside"",""shake"",""sudden"",""led"",""hold"",""eat"",""base"",""horn"""
"money,""younger"",""useful"",""solid"",""ancient"",""third"",""chapter"",""buried"",""business"",""summer"""
"poem,""distance"",""quietly"",""average"",""usually"",""heat"",""help"",""whale"",""wet"",""mine"""
"more,""too"",""bend"",""coming"",""according"",""dollar"",""laugh"",""we"",""proper"",""sides"""
"title,""mistake"",""recently"",""move"",""atomic"",""join"",""somewhere"",""melted"",""share"",""rose"""
"member,""anything"",""lose"",""ourselves"",""while"",""tea"",""including"",""outline"",""master"",""gain"""
"start,""factor"",""highest"",""something"",""experiment"",""alphabet"",""let"",""lift"",""cloud"",""ask"""
"draw,""title"",""teacher"",""one"",""growth"",""alive"",""die"",""try"",""house"",""slip"""
"slipped,""son"",""proper"",""stream"",""thrown"",""appearance"",""speech"",""oxygen"",""earth"",""hard"""
"indeed,""team"",""various"",""price"",""party"",""till"",""leather"",""paragraph"",""solid"",""faster"""
"store,""refused"",""glad"",""fireplace"",""chance"",""quick"",""faster"",""fix"",""current"",""harder"""
"round,""sentence"",""beat"",""learn"",""post"",""brick"",""empty"",""state"",""thread"",""its"""
"seldom,""have"",""paint"",""browserling"",""teeth"",""unknown"",""sail"",""necessary"",""divide"",""ruler"""
"simplest,""result"",""degree"",""sometime"",""deeply"",""shells"",""dark"",""forgotten"",""various"",""gate"""
"forget,""social"",""rush"",""nearby"",""rough"",""slow"",""term"",""happily"",""coal"",""way"""
"yard,""new"",""any"",""consider"",""feet"",""it"",""printed"",""additional"",""widely"",""warn"""
"prize,""garden"",""life"",""breathing"",""hay"",""review"",""plus"",""car"",""become"",""when"""
"might,""opposite"",""behavior"",""concerned"",""guide"",""fruit"",""feathers"",""attempt"",""met"",""grandmother"""
"meant,""planned"",""negative"",""elephant"",""sides"",""greatly"",""laid"",""depend"",""lose"",""upper"""
"pretty,""excited"",""highway"",""crack"",""turn"",""press"",""article"",""sweet"",""finally"",""pond"""
"later,""married"",""carefully"",""many"",""leader"",""calm"",""said"",""anyway"",""duck"",""receive"""
"double,""hurry"",""safety"",""independent"",""tonight"",""ancient"",""character"",""careful"",""leader"",""speed"""
"western,""reader"",""fewer"",""ball"",""stopped"",""certain"",""know"",""station"",""that"",""strength"""
"pair,""sea"",""seeing"",""substance"",""declared"",""nails"",""tribe"",""dress"",""sound"",""hair"""
"won,""compound"",""enjoy"",""dozen"",""village"",""pressure"",""thee"",""lovely"",""fox"",""college"""
"particularly,""press"",""repeat"",""headed"",""dog"",""ring"",""quarter"",""sets"",""sum"",""quickly"""
"dull,""friend"",""drew"",""character"",""moon"",""quite"",""lot"",""wire"",""piece"",""sign"""
"occasionally,""sudden"",""race"",""chain"",""trunk"",""carried"",""pole"",""diagram"",""shop"",""copper"""
"shut,""hung"",""sun"",""chosen"",""brush"",""colony"",""position"",""parts"",""introduced"",""traffic"""
"hardly,""secret"",""stepped"",""television"",""eleven"",""occasionally"",""sky"",""require"",""weight"",""taught"""
"fur,""stood"",""met"",""studied"",""than"",""my"",""bottle"",""quiet"",""main"",""join"""
"noted,""kitchen"",""parts"",""hope"",""there"",""although"",""began"",""national"",""author"",""dead"""
"men,""central"",""obtain"",""music"",""battle"",""seat"",""skill"",""source"",""pupil"",""ate"""
"badly,""treated"",""cut"",""doubt"",""could"",""shoe"",""equally"",""nails"",""climb"",""command"""
"captain,""rest"",""ate"",""merely"",""pale"",""what"",""rocket"",""foreign"",""atom"",""syllable"""
"said,""toward"",""hat"",""soap"",""sister"",""pressure"",""society"",""goes"",""hair"",""high"""
"concerned,""dug"",""easier"",""away"",""modern"",""adult"",""vapor"",""what"",""magic"",""dog"""
"buy,""spite"",""this"",""own"",""compass"",""gentle"",""post"",""string"",""capital"",""thank"""
"zero,""silent"",""wire"",""against"",""official"",""scientist"",""victory"",""occur"",""break"",""unknown"""
"nothing,""jack"",""vessels"",""eight"",""seen"",""slightly"",""spend"",""gun"",""alive"",""straw"""
"animal,""measure"",""mirror"",""fed"",""given"",""of"",""difference"",""load"",""window"",""race"""
"its,""lake"",""nearly"",""promised"",""weather"",""enjoy"",""go"",""ball"",""difficulty"",""compound"""
"hole,""body"",""press"",""mostly"",""automobile"",""ask"",""paint"",""cross"",""chair"",""mainly"""
"pound,""consonant"",""sat"",""gift"",""they"",""draw"",""six"",""teeth"",""build"",""tone"""
"frighten,""branch"",""negative"",""although"",""mix"",""successful"",""process"",""war"",""film"",""nature"""
"sweet,""oxygen"",""hay"",""better"",""arrow"",""income"",""sister"",""canal"",""explain"",""merely"""
"model,""environment"",""train"",""shout"",""teeth"",""unhappy"",""should"",""struggle"",""pick"",""count"""
"younger,""regular"",""frequently"",""chamber"",""gasoline"",""toward"",""sign"",""happened"",""slow"",""enter"""
"chain,""ruler"",""steel"",""sheep"",""equal"",""sheep"",""care"",""offer"",""snake"",""purpose"""
"gun,""car"",""crew"",""same"",""pet"",""blood"",""between"",""disease"",""brought"",""sing"""
"warn,""pile"",""bark"",""behavior"",""information"",""neighbor"",""live"",""wherever"",""top"",""usual"""
"rain,""birth"",""exclaimed"",""appearance"",""cream"",""longer"",""palace"",""circus"",""heat"",""ring"""
"know,""motion"",""television"",""better"",""page"",""field"",""pocket"",""magic"",""butter"",""deeply"""
"date,""food"",""tip"",""student"",""dark"",""stopped"",""composition"",""deer"",""collect"",""hit"""
"mice,""complex"",""cloud"",""within"",""least"",""usually"",""football"",""cook"",""sad"",""perfect"""
"aid,""train"",""wall"",""continued"",""swim"",""business"",""progress"",""factor"",""this"",""nature"""
"pass,""appropriate"",""station"",""body"",""will"",""proud"",""felt"",""lungs"",""brown"",""scared"""
"happened,""various"",""some"",""ability"",""stock"",""copy"",""until"",""all"",""cabin"",""making"""
"damage,""part"",""directly"",""threw"",""bit"",""attempt"",""other"",""roof"",""manner"",""drink"""
"opposite,""possible"",""grow"",""cabin"",""job"",""five"",""dry"",""silence"",""vote"",""everyone"""
"gentle,""ride"",""journey"",""factory"",""nation"",""thrown"",""that"",""composition"",""bag"",""anyone"""
"sign,""uncle"",""round"",""if"",""private"",""grain"",""feel"",""title"",""storm"",""still"""
"exact,""sign"",""title"",""troops"",""guard"",""planning"",""pig"",""explain"",""wide"",""distance"""
"orange,""come"",""storm"",""flies"",""beauty"",""offer"",""exact"",""held"",""dream"",""constantly"""
"exciting,""offer"",""when"",""pass"",""music"",""move"",""pet"",""softly"",""is"",""milk"""
"proud,""us"",""hard"",""sell"",""coming"",""ranch"",""new"",""till"",""root"",""carried"""
"steady,""magic"",""badly"",""upper"",""five"",""add"",""folks"",""depend"",""pet"",""ruler"""
"toward,""gently"",""age"",""setting"",""length"",""tie"",""mine"",""process"",""physical"",""tears"""
"detail,""hurt"",""dirty"",""whatever"",""press"",""became"",""pig"",""period"",""consider"",""source"""
"powerful,""stream"",""back"",""use"",""highest"",""time"",""completely"",""primitive"",""fed"",""worse"""
"development,""carried"",""disappear"",""chance"",""aware"",""case"",""return"",""welcome"",""corner"",""win"""
"corn,""enough"",""saddle"",""excited"",""load"",""everybody"",""wooden"",""driver"",""announced"",""grass"""
"ear,""shown"",""separate"",""whistle"",""power"",""sit"",""society"",""pay"",""pan"",""if"""
"thousand,""negative"",""split"",""current"",""weather"",""deal"",""broke"",""said"",""understanding"",""parent"""
"under,""dozen"",""leaving"",""swung"",""brother"",""powder"",""collect"",""shine"",""shallow"",""vowel"""
"shop,""die"",""national"",""transportation"",""cannot"",""position"",""entire"",""once"",""bigger"",""herd"""
"pick,""another"",""happy"",""as"",""been"",""bank"",""go"",""recently"",""taken"",""sport"""
"fallen,""call"",""whale"",""exactly"",""garage"",""guess"",""something"",""birthday"",""under"",""browserling"""
"go,""high"",""example"",""folks"",""easier"",""children"",""tent"",""hang"",""compound"",""entirely"""
"customs,""page"",""popular"",""your"",""exact"",""package"",""sets"",""tongue"",""pleasant"",""blind"""
"chief,""statement"",""exercise"",""longer"",""thrown"",""lay"",""test"",""tribe"",""done"",""religious"""
"plates,""exactly"",""refused"",""locate"",""more"",""future"",""curious"",""newspaper"",""great"",""feel"""
"pleasure,""aboard"",""jet"",""driving"",""original"",""fewer"",""fine"",""shown"",""visitor"",""topic"""
"hunt,""smile"",""simplest"",""row"",""carefully"",""person"",""touch"",""giant"",""jet"",""cost"""
"snow,""detail"",""pet"",""eager"",""mind"",""it"",""recognize"",""vowel"",""kitchen"",""hollow"""
"elephant,""wing"",""word"",""capital"",""foreign"",""pipe"",""pool"",""declared"",""equator"",""break"""
"hot,""nearer"",""dark"",""branch"",""goose"",""command"",""cannot"",""nuts"",""thousand"",""customs"""
"lift,""cross"",""pretty"",""habit"",""himself"",""further"",""since"",""screen"",""swimming"",""afraid"""
"doing,""anyway"",""against"",""complete"",""audience"",""car"",""taste"",""serious"",""smaller"",""smoke"""
"grass,""exactly"",""thousand"",""zoo"",""silk"",""mixture"",""fire"",""saved"",""smile"",""ruler"""
"distant,""congress"",""fewer"",""court"",""cloth"",""shaking"",""possible"",""specific"",""condition"",""answer"""
"frozen,""divide"",""building"",""could"",""tune"",""happen"",""characteristic"",""teacher"",""body"",""outer"""
"captured,""boy"",""chance"",""flower"",""bus"",""luck"",""fighting"",""verb"",""adjective"",""cloud"""
"late,""lucky"",""owner"",""yesterday"",""cell"",""language"",""height"",""movie"",""shoulder"",""nobody"""
"instant,""development"",""fresh"",""right"",""said"",""short"",""symbol"",""ask"",""century"",""religious"""
